{
	"format_version": "1.8.0",
	"animations": {
		"animation.leviathan.swim": {
			"loop": true,
			"animation_length": 1,
			"bones": {
				"RMFlap": {
					"rotation": {
						"0.0": [0, -5, 0],
						"0.5": [0, 5, 0],
						"1.0": [0, -5, 0]
					}
				},
				"LMFlap": {
					"rotation": {
						"0.0": [0, 5, 0],
						"0.5": [0, -5, 0],
						"1.0": [0, 5, 0]
					}
				},
				"Body2": {
					"rotation": {
						"0.0": [-2.5, 0, 0],
						"0.5": [2.5, 0, 0],
						"1.0": [-2.5, 0, 0]
					}
				},
				"RWing": {
					"rotation": {
						"0.0": [0, 0, 5],
						"0.5": [0, 0, -5],
						"1.0": [0, 0, 5]
					}
				},
				"LWing": {
					"rotation": {
						"0.0": [0, 0, -5],
						"0.5": [0, 0, 5],
						"1.0": [0, 0, -5]
					}
				},
				"RWingSting": {
					"rotation": {
						"0.0": [5, 0, 0],
						"0.5": [-5, 0, 0],
						"1.0": [7.5, 0, 0]
					},
					"position": {
						"0.0": [0, 0, -1],
						"0.5": [0, 0, -1]
					}
				},
				"sting": {
					"rotation": {
						"0.0": [5, 0, 0],
						"0.5": [-7.5, 0, 0],
						"1.0": [2.5, 0, 0]
					}
				},
				"LWingSting": {
					"rotation": {
						"0.0": [5, 0, 0],
						"0.5": [-5, 0, 0],
						"1.0": [5, 0, 0]
					},
					"position": {
						"0.0": [0, 0, 0],
						"0.5": [0, 0, -1],
						"1.0": [0, 0, 0]
					}
				},
				"sting2": {
					"rotation": {
						"0.0": [5, 0, 0],
						"0.5": [-5, 0, 0],
						"1.0": [5, 0, 0]
					},
					"position": [0, 0, 0]
				},
				"STING3": {
					"rotation": {
						"0.0": [-7.52832, 4.95712, -0.65426],
						"0.5": [2.53852, -9.99038, -0.44067],
						"1.0": [-7.56397, 7.43547, -0.98448]
					}
				},
				"E": {
					"rotation": {
						"0.0": [0, 0, -7.5],
						"0.5": [0, 0, 7.5],
						"1.0": [0, 0, -7.5]
					}
				},
				"STING4": {
					"rotation": {
						"0.0": [0, 10, 0],
						"0.5": [0, -10, 0],
						"1.0": [0, 10, 0]
					}
				},
				"STING5": {
					"rotation": {
						"0.0": [0, 10, 0],
						"0.5": [0, -10, 0],
						"1.0": [0, 10, 0]
					}
				},
				"STING6": {
					"rotation": {
						"0.0": [0, 10, 0],
						"0.5": [0, -10, 0],
						"1.0": [0, 10, 0]
					}
				},
				"R": {
					"rotation": {
						"0.0": [0, 0, 7.5],
						"0.5": [0, 0, -7.5],
						"1.0": [0, 0, 7.5]
					}
				},
				"bone": {
					"rotation": {
						"0.0": [-5, 5, 0],
						"0.1667": [0, 0, 0],
						"0.5": [10, -5, 0],
						"1.0": [-5, 5, 0]
					},
					"position": {
						"0.0": [0, -1, -1],
						"0.4583": [0, 1, -1],
						"1.0": [0, -1, -1]
					}
				},
				"bone2": {
					"rotation": {
						"0.0": [0, 5, 0],
						"0.5": [0, -5, 0],
						"1.0": [0, 5, 0]
					},
					"position": [0, 0, -1]
				},
				"bone3": {
					"rotation": {
						"0.0": [0, 5, 0],
						"0.5": [0, -5, 0],
						"1.0": [0, 5, 0]
					},
					"position": [0, 0, -1]
				}
			}
		}
	},
	"geckolib_format_version": 2
}